Recipe URL,Recipe Title,Description/Summary,Cover Image URL,Prep Time (minutes),Cook Time (minutes),Servings/Serves,Difficulty Level,Ingredients List,Step-by-Step Instructions,Calories,Protein,Carbs,Fat,Fiber,Cuisine Type,Meal Type,Tags,Rating (Average),Rating (Count)
https://www.bbcgoodfood.com/recipes/mexican-chicken-stew-quinoa-beans,Mexican chicken stew with quinoa & beans,Spicy chicken casserole with a healthy superfood side dish of protein-rich quinoa,"https://images.immediate.co.uk/production/volatile/sites/30/2020/08/recipe-image-legacy-id-889478_10-e0864f1.jpg?resize=440,400",25,30,5 servings,,"1 tbsp olive oil; 1 onion sliced; 2 red peppers deseeded and chopped into largish chunks; 3 tbsp chipotle paste; 2 x 400g cans chopped tomatoes; 4 skinless chicken breasts; 140g quinoa; 2 chicken stock cubes; 1 x 400g can pinto beans drained; small bunch coriander most chopped, a few leaves left whole; juice 1 lime; 1 tbsp sugar; natural yogurt to serve","Heat the oil in a deep frying pan and fry the onions and peppers for a few mins until softened. Stir in the chipotle paste for a minute, followed by the tomatoes. Add up to a tomato can-full of water to cover the chicken and bring to a gentle simmer. Add the chicken breasts and gently simmer, turning the chicken occasionally, for 20 mins until the chicken is cooked through.
Bring a large saucepan of water to the boil with the stock cubes. Add the quinoa and cook for 15 mins until tender, adding the beans for the final min. Drain well and stir in the coriander and lime juice, then check for seasoning before covering to keep warm.
Lift the chicken out onto a board and shred each breast using two forks. Stir back into the tomato sauce with the sugar and season. Serve with the quinoa, scattering the stew with some coriander leaves just before dishing up and eating with a dollop of yogurt on the side.",336 calories,33.4 grams protein,34.7 grams carbohydrates,6 grams fat,4.1 grams fiber,Mexican,"Dinner, Main course","Josh Eagleton, 30-60 minutes, 4 servings, 400 kcal or less, Bulgar wheat, Casserole, Chicken casserole, Couscous, Grains, Healthy, Mains, Mexican beans, Mexican feast, Sarah Cook, Stew and beans, Tex-mex",,
https://www.bbcgoodfood.com/recipes/chicken-chorizo-jambalaya,Chicken & chorizo jambalaya,"A healthy Cajun-inspired rice pot recipe that's bursting with spicy Spanish sausage, sweet peppers and tomatoes","https://images.immediate.co.uk/production/volatile/sites/30/2020/08/recipe-image-legacy-id-1274503_8-05ae02b.jpg?resize=440,400",10,45,4 servings,,1 tbsp olive oil; 2 chicken breasts chopped; 1 onion diced; 1 red pepper thinly sliced; 2 garlic cloves crushed; 75g chorizo sliced; 1 tbsp Cajun seasoning; 250g long grain rice; 400g can plum tomato; 350ml chicken stock,"Heat 1 tbsp olive oil in a large frying pan with a lid over a medium-high heat and brown 2 chopped chicken breasts for 5-8 mins until golden.
Remove and set aside. Tip in the 1 diced onion and cook for 3-4 mins until soft.
Add 1 thinly sliced red pepper, 2 crushed garlic cloves, 75g sliced chorizo and 1 tbsp Cajun seasoning, and cook for 5 mins more.
Stir the chicken back in with 250g long grain rice, add the 400g can of tomatoes and 350ml chicken stock. Cover and simmer over a medium heat for 20-25 mins until the rice is tender.
Good Food deserves great wine, so we've partnered with Laithwaites Wine to help you discover the perfect wine and food pairings. Pair your chicken and chorizo jambalya with Camino de Seva from the Good Food Wine Subscription Case at just £5.59 a bottle for new customers with code 30OFF.",445 calories,30 grams protein,64 grams carbohydrates,10 grams fat,2 grams fiber,Cajun &amp; Creole,"Dinner, Main course","Chicken and chorizo stew, Chicken breasts, Chorizo, Easy, easy healthy dinner, Five a day, Good Food, healthy rice recipe, healthy Spanish recipe, Low fat, One-pot, One-pot recipes, Quick, Rice dish, Super healthy, Vitamin c, Low Calorie Diet",,
https://www.bbcgoodfood.com/recipes/bean-enchiladas,Vegetarian enchiladas,"Pack flavour into your meal with these easy veggie enchiladas that are filled with nutritious ingredients. This comforting, cheesy dish is the perfect crowd-pleasing family dinner","https://images.immediate.co.uk/production/volatile/sites/30/2011/01/Vegetarian-enchiladas-50345cc.jpg?resize=1366,1242",10,30,4 servings,,"1 tsp olive oil; 2 onions chopped; 280g carrots grated; 2-3 tsp chilli powder (mild or hot, according to your taste); 2 x 400g cans chopped tomatoes; 2 x 400g cans pulses in water, drained (we used mixed beans and lentils); 6 small wholemeal tortillas; 200g low-fat natural yogurt; 50g extra-mature cheddar cheese (or veg alternative), finely grated","Heat the oil in a large frying pan. Cook the onions and carrots for 5-8 mins until soft – add a splash of water if they start to stick. Sprinkle in the chilli powder and cook for 1 min more. Pour in the tomatoes and pulses and bring to the boil. Turn down the heat and simmer for 5-10 mins, stirring occasionally, until thickened. Remove from the heat and season well.
Heat grill to high. Spread a spoonful of the bean chilli over a large ovenproof dish. Lay each tortilla onto a board, fill with a few tbsp of chilli mixture, fold over the ends and roll up to seal. Place them into the ovenproof dish. Spoon the remaining chilli on top.
Mix the yogurt and grated cheese together with some seasoning, and spoon over the enchiladas. Grill for a few mins until the top is golden and bubbling. Serve with a green salad.",430 calories,23 grams protein,60 grams carbohydrates,13 grams fat,15 grams fiber,Mexican,"Dinner, Main course","Bean, Bean chilli, Burritos, Calcium, Carrot, Carrots, Cheddar, Chilli powder, Easy, Enchiladas, Enchilladas, Fajitas, Five a day, Good Food, goodhealth, Healthy vegetarian recipes, High fibre, Iron, Natural yogurt, Olive oil, Pulses, Super healthy, Tomato, Tomatoes, Tortilla, Tortillas, Vegetable chilli, Vegetarian, Veggie mexican recipes, Vitamin c, Vegetarian Diet",,
https://www.bbcgoodfood.com/recipes/crispy-chilli-turkey-noodles,Crispy chilli turkey noodles,"Crisp-fried turkey mince in a chilli, soy and garlic sauce atop udon noodles makes for a savoury 20-minute meal that's low in fat but big on flavour","https://images.immediate.co.uk/production/volatile/sites/30/2020/08/crispy-chilli-turkey-noodles-9b735d1.jpg?resize=440,400",5,15,4 servings,,"2 tbsp sesame oil; 500g turkey mince; 5cm piece ginger grated; 1 large garlic clove crushed; 3 tbsp honey; 3 tbsp soy sauce; 1 tbsp hot sriracha chilli sauce; 350g dried udon noodles; 2 limes juiced, plus wedges to serve (optional); 2 large carrots peeled and cut into matchsticks; 4 spring onions shredded; 1 small bunch coriander sliced (optional)","Heat 1 tbsp oil in a large non-stick frying pan over a high heat. Once hot, add the turkey mince to the pan and fry for 10-12 mins until golden brown and crispy, breaking up the meat with a wooden spoon as you go. Add the ginger and garlic to the pan and cook for 1 min. Stir in the honey, soy and chilli sauce and cook for 2 mins.
Meanwhile, bring a large pan of water to the boil, add the noodles and cook following pack instructions. Drain and toss the noodles with the remaining 1 tbsp oil and all the lime juice, then divide between bowls. Top with the crispy turkey mince, carrot, onion and coriander. Serve with extra lime wedges for squeezing over, if you like.",566 calories,40 grams protein,83 grams carbohydrates,8 grams fat,2 grams fiber,,"Dinner, Supper","Chilli, Esther Clark, Low fat, Midweek meals, Noodles, Quick, Turkey",,
https://www.bbcgoodfood.com/recipes/chicken-stroganoff,Chicken stroganoff,"Use chicken thigh fillets if you prefer in this chicken stroganoff, and use half-fat soured cream for a lighter version. Enjoy with pasta, mash or rice.","https://images.immediate.co.uk/production/volatile/sites/30/2022/09/Chicken-Stroganoff-06462c0.jpg?resize=900,836",15,30,4 servings,,"2 tbsp olive oil; 4 skinless chicken breasts cut into chunks; 2 onions finely chopped; 4 garlic cloves crushed; 1 tbsp sweet paprika; 400ml chicken stock; 4 tsp Dijon mustard; 2 tbsp Worcestershire sauce; 200g soured cream or crème fraiche; a large handful of parsley chopped; rice mash or pasta, to serve","Heat half the oil in a frying pan and fry the chicken pieces over a medium high heat, stirring frequently. until golden brown. Season and transfer to a plate.
Heat the remaining oil and lower the heat to medium. Fry the onion for 6-8 mins until softened but not golden, then stir in the garlic and paprika. Fry for a minute until fragrant, then pour in the stock, and add the Dijon and Worcestershire sauce. Tip in the seared chicken with any resting juices, and simmer for 5-6 mins until reduced slightly and the chicken is cooked through.
Over a low heat, stir in the soured cream until just combined to create a creamy sauce, and it’s just started to simmer. Scatter over the parsley and serve with rice, mash or pasta, if you like.",425 calories,43 grams protein,11 grams carbohydrates,23 grams fat,3 grams fiber,,Dinner,"Casserole, Chicken, family dishes, Stroganoff",,
https://www.bbcgoodfood.com/recipes/chicken-satay-curry,Chicken satay curry,"Love satay chicken skewers? This creamy, peanut-packed curry brings all those flavours into a comforting dinner. Serve with rice and a squeeze of lime","https://images.immediate.co.uk/production/volatile/sites/30/2025/07/Satay-Curry-9f24f27.jpg?resize=900,836",10,30,6 servings,,"1 tbsp neutral oil; 1 onion finely chopped; 2 garlic cloves finely chopped; 2 tsp ginger (approx 4cm piece), grated; 2 tbsp mild or medium curry powder; 2 tsp ground turmeric; 500g skinless, boneless chicken thighs cut into bite-sized pieces; 400ml coconut milk; 8 tbsp unsweetened peanut butter; 2 tbsp sriracha; 2 tsp fish sauce; 1 tbsp caster sugar; 1 lemongrass stalk; 150g green beans halved; 1 red pepper thinly sliced; 50g salted or roasted peanuts roughly chopped; fresh coriander leaves; cooked rice; lime wedges","Heat the oil in a large frying pan over a medium heat. Fry the onion with a good pinch of salt for around 5 mins until beginning to soften. Add the garlic and ginger and fry for 2 mins. Stir in the curry powder and turmeric and stir-fry for a further minute or so. Tip the chicken into the pan, coating in the spicy onion mixture and cook for 3-4 mins until sealed.
Pour the coconut milk and 200ml water into the pan along with the peanut butter, sriracha, fish sauce and sugar. Stir to combine. Remove any woody outer leaves of the lemongrass and bash with the end of a rolling pin. Cut in half and place in the curry. Bring to a simmer and cook for 10 mins until the sauce has thickened and the chicken is cooked.
Add the green beans and red pepper and simmer for another 4-5 mins until just cooked. Taste and add any extra sugar, fish sauce or salt as necessary. Remove the lemongrass before serving.
Stir through most of the peanuts, then top with coriander and the remaining peanuts. Serve with rice and lime wedges on the side for squeezing over.",480 calories,26 grams protein,15 grams carbohydrates,34 grams fat,5 grams fiber,,Dinner,"Chicken curry, Chicken satay, Peanut curry, Satay",,
https://www.bbcgoodfood.com/recipes/salmon-risotto,Salmon risotto,"Creamy rice and tender salmon make a comforting dinner. Stir through lemon juice and parmesan before serving this easy, delicious meal that's full of omega 3 and high in protein","https://images.immediate.co.uk/production/volatile/sites/30/2023/03/Salmon-risotto-ae398a0.jpg?resize=900,836",15,60,4 servings,,"1 l chicken stock; 4 salmon fillets; 2 tbsp olive oil; 50g butter; 1 onion very finely diced; 1 garlic clove crushed or finely grated; 250g arborio rice; 300ml white wine; 100g frozen peas; ½ lemon juiced and zested; 50g parmesan grated, plus extra to serve","Bring the chicken stock to a simmer in a saucepan over a medium heat, add the salmon fillets and poach for 6 mins or until just cooked. Remove from the pan, leaving the stock behind, and set aside to cool for 2-3 mins before removing the skin. Keep on a low heat or remove and leave the lid on to keep the stock as warm as possible.
Heat the oil and half the butter in a large frying pan over a medium-low heat and, once the butter has melted, scatter in the onion and cook for 10-12 mins until softened but not golden. Add the garlic, stir and cook for 1 min before stirring in the rice and cooking for 2 mins until well coated in the oil.
Pour in the wine, turn up the heat to medium, and cook for 4-5 mins until evaporated. Keep the pan on the heat and pour in about a quarter of the reserved chicken stock. Stirring often until the stock has been absorbed by the rice, about 4-5 mins. Repeat three more times, adding the next batch once the previous one has been absorbed. With the final batch, add the peas and flake in the cooked salmon fillets. Season with lots of freshly ground black pepper and cook for 3-4 mins until the rice is tender and the peas and salmon are heated through. If the rice needs a little more cooking or the stock absorbs too quickly, add a splash more hot water.
Remove the risotto from the heat and stir through the remaining butter, lemon juice and parmesan. Scatter over the lemon zest, if you like, then serve straightaway.",806 calories,40 grams protein,59 grams carbohydrates,39 grams fat,4 grams fiber,,Dinner,"Arborio rice, Fish, Rice, Risotto, Salmon",,
https://www.bbcgoodfood.com/recipes/spicy-cajun-chicken-quinoa,Spicy Cajun chicken quinoa,Protein-packed quinoa makes this midweek meal a superhealthy option,"https://images.immediate.co.uk/production/volatile/sites/30/2020/08/recipe-image-legacy-id-589462_11-7e45ab1.jpg?resize=440,400",10,25,4 servings,,4 skinless chicken breasts cut into bite-sized pieces; 1 tbsp Cajun seasoning; 100g quinoa; 600ml hot chicken stock; 100g dried apricots sliced; ½ x 250g pouch ready-to-use Puy lentils; 1 tbsp olive oil; 2 red onions cut into thin wedges; 1 bunch spring onions chopped; small bunch coriander chopped,"Heat oven to 200C/180C fan/gas 6. Toss the chicken with the Cajun spice and arrange in a single layer in a roasting tin. Bake for 20 mins until the chicken is cooked. Set aside.
Meanwhile, cook the quinoa in the chicken stock for 15 mins until tender, adding the apricots and lentils for the final 5 mins. Drain and place into a large bowl with the chicken, toss together.
While the quinoa is cooking, heat the oil in a large frying pan and soften the onions for 10-15 mins. Toss the onions into the quinoa with the coriander and some seasoning, then mix well.",386 calories,47 grams protein,35 grams carbohydrates,7 grams fat,5 grams fiber,British,"Dinner, Main course","Josh Eagleton, 30-60 minutes, 4 servings, 400 kcal or less, Cajun, Chicken, Chicken breast, Chicken breasts, Dried apricot, Dried apricots, Easy, Five a day, Good Food, goodhealth, Healthy, Healthy recipes, Lentil, Lentils, Low fat, Mains, Quick, Quinoa, Red onion, Red onions, Source of iron, Super healthy",,
https://www.bbcgoodfood.com/recipes/vegan-chickpea-curry-jacket-potato,Vegan chickpea curry jacket potatoes,"Get some protein into a vegan diet with this tasty chickpea curry jacket. It's an easy midweek meal, or filling lunch that packs a lot of flavour","https://images.immediate.co.uk/production/volatile/sites/30/2020/08/sweet-potato-curry-46f4bc8.jpg?resize=440,400",15,45,4 servings,,"4 sweet potatoes; 1 tbsp coconut oil; 1 ½ tsp cumin seeds; 1 large onion diced; 2 garlic cloves crushed; thumb-sized piece of ginger finely grated; 1 green chilli finely chopped; 1 tsp garam masala; 1 tsp ground coriander; ½ tsp turmeric; 2 tbsp tikka masala paste; 2 x 400g can chopped tomatoes; 2 x 400g can chickpeas drained; lemon wedges and coriander leaves, to serve","Heat the oven to 200C/180C fan/gas 6 or if using an air fryer heat to 200C. Prick the sweet potatoes all over with a fork, then put on a baking tray and roast in the oven for 45 mins or in air fryer basket for 50 mins or until tender when pierced with a knife.
Meanwhile, melt the coconut oil in a large saucepan over medium heat. Add the cumin seeds and fry for 1 min until fragrant, then add the onion and fry for 7-10 mins until softened.
Put the garlic, ginger and green chilli into the pan, and cook for 2-3 mins. Add the spices and tikka masala paste and cook for a further 2 mins until fragrant, then tip in the tomatoes. Bring to a simmer, then tip in the chickpeas and cook for a further 20 mins until thickened. Season.
Put the roasted sweet potatoes on four plates and cut open lengthways. Spoon over the chickpea curry and squeeze over the lemon wedges. Season, then scatter with coriander before serving.",276 calories,12 grams protein,32 grams carbohydrates,9 grams fat,11 grams fiber,,"Dinner, Lunch, Main course","Anna Berry, Autumn, Chickpea curry, Chickpeas, Comfort Food, Curry, easy vegan recipe, Good source of protein, goodhealth, Healthy jacket potato, Healthy vegan recipe, Jacket potato, Midweek meal, Spicy, Sweet potato, Vegan, vegan jacket potato, Vegetarian Diet",,
https://www.bbcgoodfood.com/recipes/fruity-lamb-tagine,Easy lamb tagine,"This fruity, Moroccan-style lamb tagine is full of goodness and guaranteed to satisfy a crowd. Save time and make this easy one-pot up to two days ahead","https://images.immediate.co.uk/production/volatile/sites/30/2020/08/recipe-image-legacy-id-1035656_11-939dd47.jpg?resize=440,400",15,90,4 servings,,2 tbsp olive oil; 500g lean diced lamb; 1 large onion roughly chopped; 2 large carrots quartered lengthways and cut into chunks; 2 garlic cloves finely chopped; 2 tbsp ras-el-hanout spice mix; 400g can chopped tomato; 400g can chickpea rinsed and drained; 200g dried apricot; 600ml chicken stock; 120g pack pomegranate seeds; 2 large handfuls coriander roughly chopped,"Heat oven to 180C/160C fan/gas 4. Heat the oil in a casserole and brown the lamb on all sides. Scoop the lamb out onto a plate, then add the onion and carrots and cook for 2-3 mins until golden. Add the garlic and cook for 1 min more. Stir in the spices and tomatoes, and season. Tip the lamb back in with the chickpeas and apricots. Pour over the stock, stir and bring to a simmer. Cover the dish and place in the oven for 1 hr.
If the lamb is still a little tough, give it 20 mins more until tender. When ready, leave it to rest so it’s not piping hot, then serve scattered with pomegranate and herbs, with couscous or rice alongside.",514 calories,38 grams protein,42 grams carbohydrates,18 grams fat,14 grams fiber,Moroccan,"Dinner, Main course","Barney Desmazery, Casserole, Chickpea, Chickpeas, Coriander, Dinner party recipes, Dried apricot, Dried apricots, Garlic clove, Garlic cloves, Healthy, Lamb, Lamb recipes, Lamb stew, Moroccan stew, Morrocan recipes, North African recipes, Olive oil, One-pot, One-pot recipes, Onion, Onions, Pomegranate, Pomegranates, Ras el hanout, Slow-cooked lamb, Tajine",,
https://www.bbcgoodfood.com/recipes/chickpea-coriander-burgers,Chickpea & coriander burgers,"High in fibre, low in fat and counting as 2 of your 5-a-day, this tasty veggie burger delivers on every level","https://images.immediate.co.uk/production/volatile/sites/30/2020/08/recipe-image-legacy-id-654456_10-5dfdcd6.jpg?resize=440,400",15,10,4 servings,,"400g can chickpeas drained; zest 1 lemon plus juice ½; 1 tsp ground cumin; small bunch coriander chopped; 1 egg; 100g fresh breadcrumbs; 1 medium red onion ½ diced, ½ sliced; 1 tbsp olive oil; 4 small wholemeal buns; 1 large tomato sliced, ½ cucumber, sliced and chilli sauce, to serve","In a food processor, whizz the chickpeas, lemon zest, lemon juice, cumin, half the coriander, the egg and some seasoning. Scrape into a bowl and mix with 80g of the breadcrumbs and the diced onions. Form 4 burgers, press remaining breadcrumbs onto both sides and chill for at least 10 mins.
Heat the oil in a frying pan until hot. Fry the burgers for 4 mins each side, keeping the heat on medium so they don’t burn. To serve, slice each bun and fill with a slice of tomato, a burger, a few red onion slices, some cucumber slices, a dollop of chilli sauce and the remaining coriander.",344 calories,15 grams protein,56 grams carbohydrates,8 grams fat,6 grams fiber,Mediterranean,"Dinner, Main course, Supper","BBC Good Food magazine June, Breadcrumb, Breadcrumbs, Bun, Buns, Burger, Chickpea, Chickpeas, Coriander, Diner, Dinner, Egg, Eggs, Good Food, goodhealth, Ground cumin, Lemon, Lemons, Main course, Make ahead, Olive oil, Red onion, Red onions, Summer, Super, Supper, Tomato, Tomatoes, Vegetarian bbq, Vegetarian burger, Veggie burger, Vegetarian Diet",,
https://www.bbcgoodfood.com/recipes/nutty-chicken-sate-strips,Nutty chicken satay strips,Keep these nutty chicken satay strips in the fridge for a healthy choice when you're peckish. The chicken is served with cucumber and sweet chilli sauce,"https://images.immediate.co.uk/production/volatile/sites/30/2020/08/nutty-chicken-sate-strips-67269e0.jpg?resize=440,400",10,10,2 servings,,"2 tbsp chunky peanut butter (without palm oil or sugar); 1 garlic clove finely grated; 1 tsp Madras curry powder; few shakes soy sauce; 2 tsp lime juice; 2 skinless, chicken breast fillets (about 300g) cut into thick strips; about 10cm cucumber cut into fingers; sweet chilli sauce to serve","Heat oven to 200C/180C fan/gas 4 and line a baking tray with non-stick paper.
Mix 2 tbsp chunky peanut butter with 1 finely grated garlic clove, 1 tsp Madras curry powder, a few shakes of soy sauce and 2 tsp lime juice in a bowl. Some nut butters are thicker than others, so if necessary, add a dash of boiling water to get a coating consistency.
Add 2 skinless chicken breast fillets, cut into strips, and mix well. Arrange on the baking sheet, spaced apart, and bake in the oven for 8-10 mins until cooked, but still juicy.
Eat warm with roughly 10cm cucumber, cut into fingers, and sweet chilli sauce. Alternatively, leave to cool and keep in the fridge for up to 2 days.",276 calories,41 grams protein,3 grams carbohydrates,10 grams fat,2 grams fiber,,"Lunch, Snack, Starter","Chicken, Easy, Healthy snack, high protein, Low carb, low carb snack, Peanut butter, Quick, Sara Buenfeld, sate, Snack",,
https://www.bbcgoodfood.com/recipes/herb-garlic-baked-cod-romesco-sauce-spinach,Herb & garlic baked cod with romesco sauce & spinach,"Cod is a great source of lean protein. Enjoy it with with fresh greens and a peppery romesco sauce for a tasty, low-calorie meal","https://images.immediate.co.uk/production/volatile/sites/30/2020/08/cod-3414e14.jpg?resize=440,400",10,20,2 servings,,2 x 140g skinless cod loin or pollock fillets; 1 tbsp rapeseed oil plus 2 tsp; 1 tsp fresh thyme leaves; 1 large garlic clove finely grated; ½ lemon zested and juiced; 1 large red pepper sliced; 2 leeks well washed and thinly sliced; 2 tbsp flaked almonds; 1 tbsp tomato purée; ¼ tsp vegetable bouillon powder; 1 tsp apple cider vinegar; 100g baby spinach wilted in a pan or the microwave,"Heat oven to 220C/200C fan/ gas 7 and put the fish fillets in a shallow ovenproof dish so they fit quite snugly in a single layer. Mix 1 tbsp rapeseed oil with the thyme and garlic, spoon over the fish, then grate over the lemon zest. Bake for 10-12 mins until the fish is moist and flakes easily when tested.
Meanwhile, heat the remaining oil in a non-stick pan and fry the pepper and leeks for 5 mins until softened. Add the almonds and cook for 5 mins more. Tip in the tomato purée, 5 tbsp water, the bouillion powder and vinegar, and cook briefly to warm the mixture through.
Add the juice of up to half a lemon and blitz with a stick blender until it makes a thick, pesto-like sauce. Serve with the fish and the wilted spinach.",409 calories,33 grams protein,11 grams carbohydrates,24 grams fat,8 grams fiber,,"Fish Course, Lunch, Main course, Supper","Cod, Easy fish recipe, goodhealth, healthy cod recipe, healthy fish recipe, Low calorie, quick healthy dinner recipe, romesco sauce recipe, Sara Buenfeld",,
https://www.bbcgoodfood.com/recipes/crispy-shredded-chicken,Crispy shredded chicken,"Try this takeaway favourite served with rice, or simply on its own as part of a buffet-style meal. It can work as a main course or starter to share","https://images.immediate.co.uk/production/volatile/sites/30/2023/09/Crispy-shredded-chicken-cb41b41.jpg?resize=900,836",10,20,2 servings,,320g pack chicken mini breast fillets; 2½ tbsp light soy sauce; vegetable oil for frying; 1 red pepper deseeded and thinly sliced; 1 green pepper deseeded and thinly sliced; 3 tbsp cornflour; 3 tbsp sweet chilli sauce; 1 tbsp garlic and ginger paste; 1 tbsp sesame oil; 2 spring onions trimmed and finely sliced,"Slice the chicken into thin strips. Pour over 2 tbsp of the soy and marinate in the fridge, covered, for 1 hr.
Meanwhile, heat 1 tbsp of the oil in a wok or deep frying pan over a medium heat and cook the peppers for 3-4 mins until just beginning to soften. Remove with a slotted spoon and set aside.
Spread the cornflour out in a shallow bowl. Season, then add the marinated chicken strips and toss to coat well.
Fill a wok or deep frying pan with the oil so it’s about ½cm deep, then heat to medium-high. Carefully add the chicken in batches, cooking for 3-4 mins, using tongs to turn regularly until golden and crispy. Remove with a slotted spoon and place on a plate lined with kitchen paper to drain.
Mix together the remaining soy, sweet chilli, garlic paste and sesame oil in a large bowl. Add the cooked peppers, crispy chicken and toss together until coated all over and sticky. Serve sprinkled with the spring onions.",506 calories,42 grams protein,40 grams carbohydrates,19 grams fat,4 grams fiber,Asian,Dinner,"Chicken, Crispy chicken, Peppers, Spring onions",,
https://www.bbcgoodfood.com/recipes/creamy-spinach-chicken,Creamy spinach chicken,"Enjoy our creamy spinach chicken with plenty of sauce and rice or potatoes on the side. Serving four, it's an ideal midweek dinner for a family","https://images.immediate.co.uk/production/volatile/sites/30/2022/09/CreamySpinachChicken-e6b2815.jpg?resize=1366,1366",10,30,,,"30g unsalted butter; 240g baby spinach; 4 chicken breasts skin removed, sliced crosswise into strips; 4 garlic cloves finely chopped or grated; 200ml double cream; 40g Parmigiano Reggiano finely grated; cooked rice or potatoes, to serve (optional)","Melt half the butter in a large frying pan over a medium heat and gently wilt the spinach, about 2-3 mins. Stir and season well. Remove to a colander to drain.
If any liquid remains in the pan, pour it away and wipe it out. Melt the rest of the butter in the same pan over a medium heat, swirling it so the base of the pan is covered. Fry the chicken for 1-2 mins, stirring until lightly golden. Season well. Add the garlic and fry for 1 min more, then pour in the cream and simmer for 15 mins, stirring often until the chicken has cooked through – be careful not to let the cream boil.
Stir in 30g of the cheese and all the spinach, squeezing out any excess liquid first. Simmer for another 5 mins until the cheese has melted and the chicken is cooked through. To check the chicken is ready, pierce the thickest part of the meat to ensure the juices run clear.
Scatter with the remaining cheese and serve the chicken with plenty of the sauce, alongside rice or potatoes, if you like.",588 calories,51 grams protein,2 grams carbohydrates,42 grams fat,1 grams fiber,,Dinner,"Chicken, Creamy chicken, family dishes, Spinach, Gluten Free Diet",,
https://www.bbcgoodfood.com/recipes/breakfast-burrito,Breakfast burrito,Fill a nutritious wholemeal wrap with lots of healthy breakfast ingredients to make this veggie burrito. We’ve included protein-rich eggs and avocado to add good fats,"https://images.immediate.co.uk/production/volatile/sites/30/2020/08/breakfast-burrito-b086548.jpg?resize=440,400",5,10,1 serving,,1 tsp chipotle paste; 1 egg; 1 tsp rapeseed oil; 50g kale; 7 cherry tomatoes halved; ½ small avocado sliced; 1 wholemeal tortilla wrap warmed,"Whisk the chipotle paste with the egg and some seasoning in a jug. Heat the oil in a large frying pan, add the kale and tomatoes.
Cook until the kale is wilted and the tomatoes have softened, then push everything to the side of the pan. Pour the beaten egg into the cleared half of the pan and scramble. Layer everything into the centre of your wrap, topping with the avocado, then wrap up and eat immediately.",366 calories,16 grams protein,26 grams carbohydrates,21 grams fat,5 grams fiber,,"Breakfast, Brunch, Dinner, Lunch, Supper","3 of 5-a-day, Avocado, Breakfast, Brunch, Burrito, Egg, Folate, goodhealth, Healthy, Sophie Godwin, vegetarian burrito, veggie burrito, Vitamin c, Vegetarian Diet",,
https://www.bbcgoodfood.com/recipes/slow-cooker-spaghetti-bolognese,Slow cooker bolognese,Batch cook a delicious and healthy spaghetti bolognese in your slow cooker. Freeze the leftovers for easy midweek dinners when you're more pushed for time,"https://images.immediate.co.uk/production/volatile/sites/30/2020/08/bowl_of_spaghetti_bolognese_with_parmesan-2a70011.jpg?resize=500,454",15,570,12 servings,,"4 tbsp olive oil; 6 smoked bacon rashers chopped; 1½kg lean minced beef (or use half beef, half pork mince); 4 onions finely chopped; 3 carrots finely chopped; 4 celery sticks finely chopped; 8 garlic cloves crushed; 500g mushrooms sliced; 4 x 400g cans chopped tomatoes; 6 tbsp tomato purée; 2 tbsp dried mixed herbs; 2 bay leaves; large glass red wine (optional); 4 tbsp red wine vinegar; 1 tbsp sugar; cooked spaghetti to serve; parmesan to serve","Heat the oil in a large pan and fry the bacon and mince in batches until browned. Add to the slow cooker.
Add the onions, carrots, celery, garlic, mushrooms, tomatoes, tomato purée, herbs, wine (if using), vinegar, sugar and seasoning to the slow cooker. Cover and cook on Low for 6-8 hours, then uncover, turn to High and cook for another hour until thick and saucy.
Serve with cooked spaghetti and grated or shaved parmesan. To cook this entire recipe on the hob, check out our big-batch bolognese recipe.",295 calories,34 grams protein,13 grams carbohydrates,12 grams fat,4 grams fiber,,Dinner,"BBC Good Food team, Bolognaise, easy spaghetti Bolognese, goodhealth, Ragu, Slow cooker, slow cooker beef, slow cooker Bolognese, slow cooker mince recipes, slow cooker pasta recipes, Spag bol, Spaghetti bolognese",,
https://www.bbcgoodfood.com/recipes/protein-pancakes-with-banana,Protein pancakes with banana,"Add protein powder to these oat and banana pancakes for a filling breakfast. Serve stacked with a dollop of Greek yogurt, sliced bananas and maple syrup","https://images.immediate.co.uk/production/volatile/sites/30/2024/05/Protein-pancakes-with-banana-51e78bb.jpg?resize=900,836",10,15,2 servings,,"3 eggs; 75g porridge oats; 1 large, ripe banana; 2 tbsp protein powder any kind; 2 tbsp milk any kind; 1 tbsp baking powder; ¼ tsp ground cinnamon; neutral oil for the pan; Greek yogurt, sliced bananas and maple syrup","Tip the eggs, oats, banana protein powder, milk, baking powder and cinnamon into a blender and blitz for 1-2 mins until smooth. Check the oats have broken down, if not, blitz for another minute.
Heat a drizzle of oil in a pan. Pour or ladle in 2-3 rounds of batter, leaving a little space between each to spread. Cook for 1-2 mins until bubbles start to appear on the surface and the underside is golden. Flip over and cook for another minute until cooked through. Transfer to a warmed oven and repeat with the remaining batter.
Serve topped with a dollop of Greek yogurt, sliced bananas and maple syrup.",400 calories,28 grams protein,38 grams carbohydrates,14 grams fat,4 grams fiber,,"Breakfast, Brunch","banana pancakes, high protein breakfast, high protein ideas, oat pancakes, protein pancakes, Vegetarian Diet",,
https://www.bbcgoodfood.com/recipes/fish-soup,Fish soup,"Cook a hearty fish soup packed with potatoes, carrots and peppers, and flavoured with leeks, dill and lemon","https://images.immediate.co.uk/production/volatile/sites/30/2023/12/211220231703163123.jpeg?resize=1366,1025",20,30,4 servings,,1 tbsp neutral-flavoured oil; 1 onion finely chopped; 1 garlic clove crushed; 250g potato peeled and cut into 2cm cubes; 250g carrot cut into 2cm cubes; 1 pepper (any colour) deseeded and cut into 2cm cubes; 200g leek finely sliced; 1 tbsp tomato purée; 1¼ litres vegetable stock; 1 bay leaf; 10g dill; 4 skinless white fish fillets (about 400g; we used hake); 1 lemon zested and juiced,"Heat the oil in a large saucepan over a medium heat and cook the onion for 5-7 mins until beginning to soften. Mix in the garlic, potatoes, carrots, peppers, leeks and tomato purée, and cook for 3-5 mins more. Pour in the stock and stir in the bay leaf. Bring to a simmer, then cover and cook for 15 mins until the veg is almost tender.
Finely chop most of the dill, reserving a few whole sprigs. Cut the fish into bite-sized pieces and season with salt, pepper and a bit of the lemon juice. Add the fish to the soup along with a pinch of the lemon zest and the chopped dill. Simmer gently over a low heat for 5-7 mins until the fish is cooked through. Remove the bay leaf and season the soup to taste, adding more lemon juice or zest, if needed. Scatter over the reserved dill sprigs to serve.",248 calories,,25 grams carbohydrates,,,,,"content exchange, fish soup recipe, goodhealth, Hearty, Soup recipe, Low Calorie Diet",,
https://www.bbcgoodfood.com/recipes/harissa-fish-with-bulgur-salad,Harissa fish with bulgur salad,Spice up cod fillets with harissa paste and serve with a grain salad for an easy meal – ideal when you need a quick dinner,"https://images.immediate.co.uk/production/volatile/sites/30/2023/06/HarissaFishBulgarSalad-9da2b10.jpg?resize=900,836",15,20,2 servings,,"100g bulgur wheat; ½ small cucumber deseeded and finely chopped; 100g cherry tomatoes quartered; 25g pitted green olives; small handful of parsley finely chopped; 2tbsp rose harissa; 2tsp honey; 1 garlic clove crushed; ½ lemon juiced; 2tbsp olive oil; ½ red onion finely sliced; 2 x 120g skinless, boneless white fish fillets, such as cod or haddock","Cook the bulgur following pack instructions, then rinse and drain well before tipping into a large bowl. Add the cucumber, tomatoes, olives and most of the parsley. Season well. Combine the harissa, honey, garlic, lemon juice, half the oil and 1 tbsp water in a bowl, then set aside.
Heat the remaining oil in a non-stick pan over a medium heat and cook the red onion for 4-5 mins until softened and lightly browned. Season the fish well, then add to the pan and cook for 3 mins before pouring in the harissa mixture. Turn the fish and cook for 2-4 mins more (depending on the thickness of the fish), basting the fish in the pan juices until cooked through – the flesh should be opaque.
Divide the bulgur salad between two plates, top with the fish and fried onions, then drizzle over any remaining pan juices and sprinkle over the remaining parsley to serve.",430 calories,35 grams protein,35 grams carbohydrates,15 grams fat,5 grams fiber,,Dinner,"Bulgur wheat, Cod, goodhealth, Green olives, Haddock, Harissa fish, rose harissa, White fish, Low Calorie Diet",,
https://www.bbcgoodfood.com/recipes/steamed-salmon-veg-rice-bowl,Steamed salmon & veg rice bowl,"This speedy fish supper is the perfect low-calorie, low-hassle weeknight meal. For a vegetarian version, simply leave out the salmon and garnish with chopped spring onions or toasted pine nuts","https://images.immediate.co.uk/production/volatile/sites/30/2020/08/steamed-salmon-veg-rice-bowl-f32b5e4.jpg?resize=440,400",10,20,4 servings,,"200g brown rice; 100g green beans; 200g pak choi chopped into chunky pieces; 4 x 100g salmon fillets; 4 tbsp kecap manis (sweet soy sauce); juice 3 limes; 2 tbsp sambal oelek (chopped chilli in a jar) or 1 red chilli, deseeded and chopped; 1 tbsp rice vinegar; 1 tbsp golden caster sugar; 4 spring onions finely chopped; 4 tbsp mixed seeds (I used pumpkin, sesame and sunflower); pickled ginger chopped (optional)","In a small bowl, mix together the dressing ingredients, then set aside. Boil the rice in plenty of water and drain when just cooked, about 15 mins.
Meanwhile, put the vegetables and fish in a large steamer in two layers. Steam the fish for 5-8 mins and the veg for 4-5 mins until cooked through. Spoon the rice into bowls and top with the steamed fish and veg. Pour some dressing over and top with the spring onions, mixed seeds and pickled ginger, if you like.",445 calories,28 grams protein,54 grams carbohydrates,12 grams fat,4 grams fiber,,"Dinner, Main course, Supper","Jennifer Joyce, low calorie dinner, low calorie salmon recipe, Rice bowl, Salmon",,
https://www.bbcgoodfood.com/recipes/steak-burrito-bowl,Steak burrito bowl,"Pack in the flavour with this spicy steak burrito bowl, which takes just 10 minutes from prep to plate. Ideal as a speedy supper on busy weeknights","https://images.immediate.co.uk/production/volatile/sites/30/2020/08/steak-burrito-bowl-932949f.jpg?resize=440,400",5,5,2 servings,,"1 steak approx 250g; 1 sachet fajita seasoning; 2 tbsp olive oil; 250g Mexican-style rice pouch; 2 roasted red peppers sliced; 1 lemon ½ juiced, ½ cut into wedges; ½ small pack parsley roughly chopped, to serve; yogurt to serve","Coat the steak with half of the fajita seasoning and 1 tbsp of the olive oil. Heat a frying pan over a high heat and add the steak, cook for 2 mins on each side for medium rare, remove from the pan and set aside.
Turn down the heat to medium and add the remaining oil to the pan. Tip in the rest of the fajita seasoning, the rice and red peppers. Stir well so everything is coated and cook for 2 mins, until hot through. Add a splash of water if it starts to stick. Add the lemon juice, stir through half the parsley and season.
Cut the steak into strips. Tip the rice into bowls and top each with the steak and a dollop of yogurt. Scatter with parsley and serve with a lemon wedge.",549 calories,32 grams protein,49 grams carbohydrates,24 grams fat,3 grams fiber,,"Dinner, Main course, Supper","10 minute meals, burrito bowl, Elena Silcock, Midweek meal, Quick, Steak",,
https://www.bbcgoodfood.com/recipes/chicken-red-pepper-almond-traybake,"Chicken, red pepper & almond traybake","A tasty one-pan roast chicken supper with lemon, cumin, paprika, coriander and other North African flavours","https://images.immediate.co.uk/production/volatile/sites/30/2020/08/recipe-image-legacy-id-837480_11-0ae5342.jpg?resize=440,400",15,40,4 servings,,"500g boneless, skinless chicken thigh; 3 medium red onions cut into thick wedges; 500g small red potato cut into thick slices; 2 red peppers deseeded and cut into thick slices; 1 garlic clove finely chopped; 1 tsp each ground cumin, smoked paprika and fennel seeds slightly crushed; 3 tbsp olive oil; zest and juice 1 lemon; 50g whole blanched almond roughly chopped; 170g tub 0% Greek yogurt to serve; small handful parsley or coriander, chopped, to serve","Heat oven to 200C/180C fan/gas 6. Place the chicken, onions, potatoes and peppers in a large bowl and season. in another bowl, mix together the garlic, spices, oil, and lemon zest and juice. Pour this over everything and spread the mixture between 2 baking trays.
Roast for 40 mins, turning over after 20 mins, until the chicken is cooked through. Add the almonds for the final 8 mins of cooking. Serve in bowls with a big dollop of Greek yogurt and some chopped parsley or coriander.",442 calories,34 grams protein,34 grams carbohydrates,20 grams fat,5 grams fiber,Moroccan,"Dinner, Main course","Josh Eagleton, 2 of 5-a-day, 30-60 minutes, 4 servings, 600 kcal or less, Cheap cuts, Chicken pieces, Every day, Five a day, Good Food, goodhealth, Mains, Make it tonight, North african, One pan, One-pot, Roast chicken, Vitamin c",,
https://www.bbcgoodfood.com/recipes/oven-baked-pork-chops,Oven-baked pork chops,"Enjoy oven-baked pork chops cooked in a honey and wholegrain mustard glaze with new potatoes for a deliciously easy dinner, just add your favourite veg","https://images.immediate.co.uk/production/volatile/sites/30/2022/09/Oven-Baked-Pork-Chops-2dfeaea.jpg?resize=900,836",10,45,4 servings,,1kg new potatoes halved; 4 tbsp olive oil; 6 garlic cloves bashed; small handful of thyme; 6 tbsp honey; 6 tbsp wholegrain mustard; 4 thick-cut bone-in pork chops (about 250g each),"Heat the oven to 200C/fan 180C/gas 6. Toss the potatoes, oil, garlic and thyme on a shallow roasting tray and mix will with your hands to coat in the oil. Season well. Roast for 25 mins until the potatoes are just turning tender when pierced with a knife.
Whisk the honey and mustard together in a small bowl. Season the pork chops with salt and pepper, then brush with half the marinade. Nestle into the potatoes on the tray, and bake for another 10 mins before turning the chops and spooning over the remaining glaze. Continue to bake for 10 more mins until cooked through.",805 calories,46 grams protein,67 grams carbohydrates,38 grams fat,7 grams fiber,,Dinner,"Honey, New potatoes, Pork, Pork chops, Wholegrain mustard, Gluten Free Diet",,
